Distance_(pixels),Gray_Value
0,0.527613
1,0.528537
2,0.549036
3,0.6513
4,0.811107
5,0.930083
6,0.966951
7,0.956637
8,0.935983
